[
{
  "model": "service_development.voicelabel",
  "pk": 1,
  "fields": {
    "name": "Dutch language",
    "description": "Nederlandse taal"
  }
},
{
  "model": "service_development.voicelabel",
  "pk": 2,
  "fields": {
    "name": "General error message",
    "description": ""
  }
},
{
  "model": "service_development.voicelabel",
  "pk": 4,
  "fields": {
    "name": "English language",
    "description": ""
  }
},
{
  "model": "service_development.voicelabel",
  "pk": 5,
  "fields": {
    "name": "Thank you for using this service",
    "description": null
  }
},
{
  "model": "service_development.voicelabel",
  "pk": 7,
  "fields": {
    "name": "French language",
    "description": ""
  }
},
{
  "model": "service_development.voicelabel",
  "pk": 8,
  "fields": {
    "name": "Please select your language",
    "description": ""
  }
},
{
  "model": "service_development.voicelabel",
  "pk": 9,
  "fields": {
    "name": "Pre Choice Option",
    "description": ""
  }
},
{
  "model": "service_development.voicelabel",
  "pk": 10,
  "fields": {
    "name": "Post Choice Option",
    "description": ""
  }
},
{
  "model": "service_development.voicelabel",
  "pk": 11,
  "fields": {
    "name": "One",
    "description": ""
  }
},
{
  "model": "service_development.voicelabel",
  "pk": 12,
  "fields": {
    "name": "Two",
    "description": ""
  }
},
{
  "model": "service_development.voicelabel",
  "pk": 13,
  "fields": {
    "name": "Three",
    "description": ""
  }
},
{
  "model": "service_development.voicelabel",
  "pk": 14,
  "fields": {
    "name": "Four",
    "description": ""
  }
},
{
  "model": "service_development.voicelabel",
  "pk": 15,
  "fields": {
    "name": "Five",
    "description": ""
  }
},
{
  "model": "service_development.voicelabel",
  "pk": 16,
  "fields": {
    "name": "Six",
    "description": ""
  }
},
{
  "model": "service_development.voicelabel",
  "pk": 17,
  "fields": {
    "name": "Seven",
    "description": ""
  }
},
{
  "model": "service_development.voicelabel",
  "pk": 18,
  "fields": {
    "name": "Eight",
    "description": ""
  }
},
{
  "model": "service_development.voicelabel",
  "pk": 19,
  "fields": {
    "name": "Nine",
    "description": ""
  }
},
{
  "model": "service_development.voicelabel",
  "pk": 20,
  "fields": {
    "name": "Zero",
    "description": ""
  }
},
{
  "model": "service_development.voicelabel",
  "pk": 21,
  "fields": {
    "name": "Yes",
    "description": ""
  }
},
{
  "model": "service_development.voicelabel",
  "pk": 22,
  "fields": {
    "name": "No",
    "description": ""
  }
},
{
  "model": "service_development.voicelabel",
  "pk": 25,
  "fields": {
    "name": "Please speak your message",
    "description": ""
  }
},
{
  "model": "service_development.voicelabel",
  "pk": 27,
  "fields": {
    "name": "Welcome",
    "description": null
  }
},
{
  "model": "service_development.voicelabel",
  "pk": 28,
  "fields": {
    "name": "3_days",
    "description": null
  }
},
{
  "model": "service_development.voicelabel",
  "pk": 29,
  "fields": {
    "name": "7_days",
    "description": null
  }
},
{
  "model": "service_development.voicelabel",
  "pk": 30,
  "fields": {
    "name": "24_hours",
    "description": null
  }
},
{
  "model": "service_development.voicelabel",
  "pk": 31,
  "fields": {
    "name": "Select_region",
    "description": null
  }
},
{
  "model": "service_development.voicelabel",
  "pk": 32,
  "fields": {
    "name": "Select_timeframe",
    "description": null
  }
},
{
  "model": "service_development.voicelabel",
  "pk": 38,
  "fields": {
    "name": "Crop_advice",
    "description": null
  }
},
{
  "model": "service_development.voicelabel",
  "pk": 39,
  "fields": {
    "name": "weather_alert",
    "description": null
  }
},
{
  "model": "service_development.voicelabel",
  "pk": 40,
  "fields": {
    "name": "end_call",
    "description": null
  }
},
{
  "model": "service_development.voicelabel",
  "pk": 41,
  "fields": {
    "name": "additional_services",
    "description": null
  }
},
{
  "model": "service_development.voicelabel",
  "pk": 42,
  "fields": {
    "name": "Bassi",
    "description": null
  }
},
{
  "model": "service_development.voicelabel",
  "pk": 43,
  "fields": {
    "name": "Boussou",
    "description": null
  }
},
{
  "model": "service_development.voicelabel",
  "pk": 45,
  "fields": {
    "name": "Gourcy",
    "description": null
  }
},
{
  "model": "service_development.voicelabel",
  "pk": 46,
  "fields": {
    "name": "Leba",
    "description": null
  }
},
{
  "model": "service_development.voicelabel",
  "pk": 48,
  "fields": {
    "name": "Tougo",
    "description": null
  }
},
{
  "model": "service_development.voicelabel",
  "pk": 50,
  "fields": {
    "name": "Forecast_24hours (Bassi)",
    "description": null
  }
},
{
  "model": "service_development.voicelabel",
  "pk": 51,
  "fields": {
    "name": "Forecast_24hours (Gourcy)",
    "description": null
  }
},
{
  "model": "service_development.voicelabel",
  "pk": 52,
  "fields": {
    "name": "Forecast_24hours (Bougounam)",
    "description": null
  }
},
{
  "model": "service_development.voicelabel",
  "pk": 53,
  "fields": {
    "name": "Forecast_3days (Bassi)",
    "description": null
  }
},
{
  "model": "service_development.voicelabel",
  "pk": 54,
  "fields": {
    "name": "Forecast_3days (Gourcy)",
    "description": null
  }
},
{
  "model": "service_development.voicelabel",
  "pk": 55,
  "fields": {
    "name": "Forecast_3days (Bougounam)",
    "description": null
  }
},
{
  "model": "service_development.voicelabel",
  "pk": 56,
  "fields": {
    "name": "Forecast_week (Bassi)",
    "description": null
  }
},
{
  "model": "service_development.voicelabel",
  "pk": 57,
  "fields": {
    "name": "Forecast_week (Gourcy)",
    "description": null
  }
},
{
  "model": "service_development.voicelabel",
  "pk": 58,
  "fields": {
    "name": "Forecast_week (Bougounam)",
    "description": null
  }
},
{
  "model": "service_development.voicelabel",
  "pk": 59,
  "fields": {
    "name": "Bougounam",
    "description": null
  }
},
{
  "model": "service_development.voicelabel",
  "pk": 60,
  "fields": {
    "name": "Provide_rain_gauge",
    "description": null
  }
},
{
  "model": "service_development.voicelabel",
  "pk": 61,
  "fields": {
    "name": "No Raingauge",
    "description": null
  }
},
{
  "model": "service_development.voicelabel",
  "pk": 62,
  "fields": {
    "name": "No Rainfall",
    "description": null
  }
},
{
  "model": "service_development.voicelabel",
  "pk": 63,
  "fields": {
    "name": "Low rain",
    "description": null
  }
},
{
  "model": "service_development.voicelabel",
  "pk": 64,
  "fields": {
    "name": "Medium rain",
    "description": null
  }
},
{
  "model": "service_development.voicelabel",
  "pk": 65,
  "fields": {
    "name": "Large rain",
    "description": null
  }
},
{
  "model": "service_development.voicelabel",
  "pk": 66,
  "fields": {
    "name": "Another forecast",
    "description": null
  }
},
{
  "model": "service_development.language",
  "pk": 1,
  "fields": {
    "name": "Nederlands",
    "code": "nl",
    "voice_label": 1,
    "error_message": 2,
    "select_language": 8,
    "pre_choice_option": 9,
    "post_choice_option": 10,
    "one": 11,
    "two": 12,
    "three": 13,
    "four": 14,
    "five": 15,
    "six": 16,
    "seven": 17,
    "eight": 18,
    "nine": 19,
    "zero": 20
  }
},
{
  "model": "service_development.language",
  "pk": 2,
  "fields": {
    "name": "English",
    "code": "en",
    "voice_label": 4,
    "error_message": 2,
    "select_language": 8,
    "pre_choice_option": 9,
    "post_choice_option": 10,
    "one": 11,
    "two": 12,
    "three": 13,
    "four": 14,
    "five": 15,
    "six": 16,
    "seven": 17,
    "eight": 18,
    "nine": 19,
    "zero": 20
  }
},
{
  "model": "service_development.language",
  "pk": 3,
  "fields": {
    "name": "Francais",
    "code": "fr",
    "voice_label": 7,
    "error_message": 2,
    "select_language": 8,
    "pre_choice_option": 9,
    "post_choice_option": 10,
    "one": 11,
    "two": 12,
    "three": 13,
    "four": 14,
    "five": 15,
    "six": 16,
    "seven": 17,
    "eight": 18,
    "nine": 19,
    "zero": 20
  }
},
{
  "model": "service_development.voicefragment",
  "pk": 6,
  "fields": {
    "parent": 22,
    "language": 1,
    "audio": "no_nl.wav"
  }
},
{
  "model": "service_development.voicefragment",
  "pk": 7,
  "fields": {
    "parent": 22,
    "language": 2,
    "audio": "no_en.wav"
  }
},
{
  "model": "service_development.voicefragment",
  "pk": 8,
  "fields": {
    "parent": 22,
    "language": 3,
    "audio": "no_fr.wav"
  }
},
{
  "model": "service_development.voicefragment",
  "pk": 9,
  "fields": {
    "parent": 21,
    "language": 1,
    "audio": "yes_nl.wav"
  }
},
{
  "model": "service_development.voicefragment",
  "pk": 10,
  "fields": {
    "parent": 21,
    "language": 2,
    "audio": "yes_en.wav"
  }
},
{
  "model": "service_development.voicefragment",
  "pk": 11,
  "fields": {
    "parent": 21,
    "language": 3,
    "audio": "yes_fr.wav"
  }
},
{
  "model": "service_development.voicefragment",
  "pk": 12,
  "fields": {
    "parent": 20,
    "language": 1,
    "audio": "0_nl.wav"
  }
},
{
  "model": "service_development.voicefragment",
  "pk": 13,
  "fields": {
    "parent": 20,
    "language": 2,
    "audio": "0_en.wav"
  }
},
{
  "model": "service_development.voicefragment",
  "pk": 14,
  "fields": {
    "parent": 20,
    "language": 3,
    "audio": "0_fr.wav"
  }
},
{
  "model": "service_development.voicefragment",
  "pk": 15,
  "fields": {
    "parent": 19,
    "language": 1,
    "audio": "9_nl.wav"
  }
},
{
  "model": "service_development.voicefragment",
  "pk": 16,
  "fields": {
    "parent": 19,
    "language": 2,
    "audio": "9_en.wav"
  }
},
{
  "model": "service_development.voicefragment",
  "pk": 17,
  "fields": {
    "parent": 19,
    "language": 3,
    "audio": "9_fr.wav"
  }
},
{
  "model": "service_development.voicefragment",
  "pk": 18,
  "fields": {
    "parent": 18,
    "language": 1,
    "audio": "8_nl.wav"
  }
},
{
  "model": "service_development.voicefragment",
  "pk": 19,
  "fields": {
    "parent": 18,
    "language": 2,
    "audio": "8_en.wav"
  }
},
{
  "model": "service_development.voicefragment",
  "pk": 20,
  "fields": {
    "parent": 18,
    "language": 3,
    "audio": "8_fr.wav"
  }
},
{
  "model": "service_development.voicefragment",
  "pk": 21,
  "fields": {
    "parent": 17,
    "language": 1,
    "audio": "7_nl.wav"
  }
},
{
  "model": "service_development.voicefragment",
  "pk": 22,
  "fields": {
    "parent": 17,
    "language": 2,
    "audio": "7_en.wav"
  }
},
{
  "model": "service_development.voicefragment",
  "pk": 23,
  "fields": {
    "parent": 17,
    "language": 3,
    "audio": "7_fr.wav"
  }
},
{
  "model": "service_development.voicefragment",
  "pk": 24,
  "fields": {
    "parent": 16,
    "language": 1,
    "audio": "6_nl.wav"
  }
},
{
  "model": "service_development.voicefragment",
  "pk": 25,
  "fields": {
    "parent": 16,
    "language": 2,
    "audio": "6_en.wav"
  }
},
{
  "model": "service_development.voicefragment",
  "pk": 26,
  "fields": {
    "parent": 16,
    "language": 3,
    "audio": "6_fr.wav"
  }
},
{
  "model": "service_development.voicefragment",
  "pk": 27,
  "fields": {
    "parent": 15,
    "language": 1,
    "audio": "5_nl.wav"
  }
},
{
  "model": "service_development.voicefragment",
  "pk": 28,
  "fields": {
    "parent": 15,
    "language": 2,
    "audio": "5_en.wav"
  }
},
{
  "model": "service_development.voicefragment",
  "pk": 29,
  "fields": {
    "parent": 15,
    "language": 3,
    "audio": "5_fr.wav"
  }
},
{
  "model": "service_development.voicefragment",
  "pk": 30,
  "fields": {
    "parent": 14,
    "language": 1,
    "audio": "4_nl.wav"
  }
},
{
  "model": "service_development.voicefragment",
  "pk": 31,
  "fields": {
    "parent": 14,
    "language": 3,
    "audio": "4_fr.wav"
  }
},
{
  "model": "service_development.voicefragment",
  "pk": 32,
  "fields": {
    "parent": 14,
    "language": 2,
    "audio": "4_en.wav"
  }
},
{
  "model": "service_development.voicefragment",
  "pk": 33,
  "fields": {
    "parent": 13,
    "language": 1,
    "audio": "3_nl.wav"
  }
},
{
  "model": "service_development.voicefragment",
  "pk": 34,
  "fields": {
    "parent": 13,
    "language": 2,
    "audio": "3_en.wav"
  }
},
{
  "model": "service_development.voicefragment",
  "pk": 35,
  "fields": {
    "parent": 13,
    "language": 3,
    "audio": "3_fr.wav"
  }
},
{
  "model": "service_development.voicefragment",
  "pk": 36,
  "fields": {
    "parent": 12,
    "language": 1,
    "audio": "2_nl.wav"
  }
},
{
  "model": "service_development.voicefragment",
  "pk": 37,
  "fields": {
    "parent": 12,
    "language": 2,
    "audio": "2_en.wav"
  }
},
{
  "model": "service_development.voicefragment",
  "pk": 38,
  "fields": {
    "parent": 12,
    "language": 3,
    "audio": "2_fr.wav"
  }
},
{
  "model": "service_development.voicefragment",
  "pk": 39,
  "fields": {
    "parent": 11,
    "language": 1,
    "audio": "1_nl.wav"
  }
},
{
  "model": "service_development.voicefragment",
  "pk": 40,
  "fields": {
    "parent": 11,
    "language": 2,
    "audio": "1_en.wav"
  }
},
{
  "model": "service_development.voicefragment",
  "pk": 41,
  "fields": {
    "parent": 11,
    "language": 3,
    "audio": "1_fr.wav"
  }
},
{
  "model": "service_development.voicefragment",
  "pk": 42,
  "fields": {
    "parent": 10,
    "language": 1,
    "audio": "post_choice_option_nl.wav"
  }
},
{
  "model": "service_development.voicefragment",
  "pk": 43,
  "fields": {
    "parent": 10,
    "language": 2,
    "audio": "post_choice_option_en.wav"
  }
},
{
  "model": "service_development.voicefragment",
  "pk": 44,
  "fields": {
    "parent": 10,
    "language": 3,
    "audio": "post_choice_option_fr.wav"
  }
},
{
  "model": "service_development.voicefragment",
  "pk": 45,
  "fields": {
    "parent": 9,
    "language": 1,
    "audio": "pre_choice_option_nl.wav"
  }
},
{
  "model": "service_development.voicefragment",
  "pk": 46,
  "fields": {
    "parent": 9,
    "language": 2,
    "audio": "pre_choice_option_en.wav"
  }
},
{
  "model": "service_development.voicefragment",
  "pk": 47,
  "fields": {
    "parent": 9,
    "language": 3,
    "audio": "pre_choice_option_fr.wav"
  }
},
{
  "model": "service_development.voicefragment",
  "pk": 48,
  "fields": {
    "parent": 8,
    "language": 1,
    "audio": "select_language_nl.wav"
  }
},
{
  "model": "service_development.voicefragment",
  "pk": 49,
  "fields": {
    "parent": 8,
    "language": 2,
    "audio": "select_language_en.wav"
  }
},
{
  "model": "service_development.voicefragment",
  "pk": 50,
  "fields": {
    "parent": 8,
    "language": 3,
    "audio": "select_language_fr.wav"
  }
},
{
  "model": "service_development.voicefragment",
  "pk": 51,
  "fields": {
    "parent": 7,
    "language": 1,
    "audio": "french_nl.wav"
  }
},
{
  "model": "service_development.voicefragment",
  "pk": 52,
  "fields": {
    "parent": 7,
    "language": 2,
    "audio": "french_en.wav"
  }
},
{
  "model": "service_development.voicefragment",
  "pk": 53,
  "fields": {
    "parent": 7,
    "language": 3,
    "audio": "french_fr.wav"
  }
},
{
  "model": "service_development.voicefragment",
  "pk": 55,
  "fields": {
    "parent": 5,
    "language": 1,
    "audio": "thank_you_for_using_nl.wav"
  }
},
{
  "model": "service_development.voicefragment",
  "pk": 56,
  "fields": {
    "parent": 5,
    "language": 2,
    "audio": "thank_you_for_using_en.wav"
  }
},
{
  "model": "service_development.voicefragment",
  "pk": 57,
  "fields": {
    "parent": 5,
    "language": 3,
    "audio": "thank_you_for_using_fr.wav"
  }
},
{
  "model": "service_development.voicefragment",
  "pk": 58,
  "fields": {
    "parent": 4,
    "language": 1,
    "audio": "english_nl.wav"
  }
},
{
  "model": "service_development.voicefragment",
  "pk": 59,
  "fields": {
    "parent": 4,
    "language": 2,
    "audio": "english_en.wav"
  }
},
{
  "model": "service_development.voicefragment",
  "pk": 60,
  "fields": {
    "parent": 4,
    "language": 3,
    "audio": "english_fr.wav"
  }
},
{
  "model": "service_development.voicefragment",
  "pk": 64,
  "fields": {
    "parent": 2,
    "language": 1,
    "audio": "error_nl.wav"
  }
},
{
  "model": "service_development.voicefragment",
  "pk": 65,
  "fields": {
    "parent": 2,
    "language": 2,
    "audio": "error_en.wav"
  }
},
{
  "model": "service_development.voicefragment",
  "pk": 66,
  "fields": {
    "parent": 2,
    "language": 3,
    "audio": "error_fr.wav"
  }
},
{
  "model": "service_development.voicefragment",
  "pk": 67,
  "fields": {
    "parent": 1,
    "language": 1,
    "audio": "dutch_nl.wav"
  }
},
{
  "model": "service_development.voicefragment",
  "pk": 68,
  "fields": {
    "parent": 1,
    "language": 2,
    "audio": "dutch_en.wav"
  }
},
{
  "model": "service_development.voicefragment",
  "pk": 69,
  "fields": {
    "parent": 1,
    "language": 3,
    "audio": "dutch_fr.wav"
  }
},
{
  "model": "service_development.voicefragment",
  "pk": 74,
  "fields": {
    "parent": 25,
    "language": 3,
    "audio": "speakYourMessage.wav"
  }
},
{
  "model": "service_development.voicefragment",
  "pk": 76,
  "fields": {
    "parent": 27,
    "language": 2,
    "audio": "Welcome_EN_nXVtL8F.wav"
  }
},
{
  "model": "service_development.voicefragment",
  "pk": 77,
  "fields": {
    "parent": 27,
    "language": 3,
    "audio": "Welcome_FR_o2SEYhS.wav"
  }
},
{
  "model": "service_development.voicefragment",
  "pk": 78,
  "fields": {
    "parent": 28,
    "language": 2,
    "audio": "3_days_EN_7jzYsyk.wav"
  }
},
{
  "model": "service_development.voicefragment",
  "pk": 79,
  "fields": {
    "parent": 28,
    "language": 3,
    "audio": "3_days_FR_ZCT90kB.wav"
  }
},
{
  "model": "service_development.voicefragment",
  "pk": 80,
  "fields": {
    "parent": 29,
    "language": 2,
    "audio": "7_days_EN_tfrfXJk.wav"
  }
},
{
  "model": "service_development.voicefragment",
  "pk": 81,
  "fields": {
    "parent": 29,
    "language": 3,
    "audio": "7_days_FR_QMy9rp2.wav"
  }
},
{
  "model": "service_development.voicefragment",
  "pk": 82,
  "fields": {
    "parent": 30,
    "language": 2,
    "audio": "24_hours_EN_8Os1UrU.wav"
  }
},
{
  "model": "service_development.voicefragment",
  "pk": 83,
  "fields": {
    "parent": 30,
    "language": 3,
    "audio": "24_hours_FR_XZOhbnr.wav"
  }
},
{
  "model": "service_development.voicefragment",
  "pk": 84,
  "fields": {
    "parent": 31,
    "language": 2,
    "audio": "Select_region_EN_y4hk7KY.wav"
  }
},
{
  "model": "service_development.voicefragment",
  "pk": 85,
  "fields": {
    "parent": 31,
    "language": 3,
    "audio": "Select_region_FR_uGSUpqs.wav"
  }
},
{
  "model": "service_development.voicefragment",
  "pk": 86,
  "fields": {
    "parent": 32,
    "language": 2,
    "audio": "Select_timeframe_EN_SDzqb19.wav"
  }
},
{
  "model": "service_development.voicefragment",
  "pk": 87,
  "fields": {
    "parent": 32,
    "language": 3,
    "audio": "Select_timeframe_FR_Tx6258h.wav"
  }
},
{
  "model": "service_development.voicefragment",
  "pk": 98,
  "fields": {
    "parent": 38,
    "language": 2,
    "audio": "crop_advice_EN_VopzQpH.wav"
  }
},
{
  "model": "service_development.voicefragment",
  "pk": 99,
  "fields": {
    "parent": 38,
    "language": 3,
    "audio": "crop_advice_FR_09TGJQb.wav"
  }
},
{
  "model": "service_development.voicefragment",
  "pk": 100,
  "fields": {
    "parent": 39,
    "language": 2,
    "audio": "weather_alert_EN_TKWPCoD.wav"
  }
},
{
  "model": "service_development.voicefragment",
  "pk": 101,
  "fields": {
    "parent": 39,
    "language": 3,
    "audio": "weather_alert_FR_RV5e9pB.wav"
  }
},
{
  "model": "service_development.voicefragment",
  "pk": 102,
  "fields": {
    "parent": 40,
    "language": 2,
    "audio": "end_call_EN_pOV4JhX.wav"
  }
},
{
  "model": "service_development.voicefragment",
  "pk": 103,
  "fields": {
    "parent": 40,
    "language": 3,
    "audio": "end_call_FR_bDzZBrb.wav"
  }
},
{
  "model": "service_development.voicefragment",
  "pk": 104,
  "fields": {
    "parent": 41,
    "language": 2,
    "audio": "additional_services_EN_MdUqQCB.wav"
  }
},
{
  "model": "service_development.voicefragment",
  "pk": 105,
  "fields": {
    "parent": 41,
    "language": 3,
    "audio": "additional_services_FR_dSJQ3zP.wav"
  }
},
{
  "model": "service_development.voicefragment",
  "pk": 106,
  "fields": {
    "parent": 42,
    "language": 2,
    "audio": "Bassi_EN_UvMIwZ7.wav"
  }
},
{
  "model": "service_development.voicefragment",
  "pk": 107,
  "fields": {
    "parent": 42,
    "language": 3,
    "audio": "Bassi_FR_RNNdpMv.wav"
  }
},
{
  "model": "service_development.voicefragment",
  "pk": 108,
  "fields": {
    "parent": 43,
    "language": 2,
    "audio": "Boussou_EN_FbszlUx.wav"
  }
},
{
  "model": "service_development.voicefragment",
  "pk": 109,
  "fields": {
    "parent": 43,
    "language": 3,
    "audio": "Boussou_FR_6EFpJrA.wav"
  }
},
{
  "model": "service_development.voicefragment",
  "pk": 112,
  "fields": {
    "parent": 45,
    "language": 2,
    "audio": "Gourcy_EN_hPsoxsX.wav"
  }
},
{
  "model": "service_development.voicefragment",
  "pk": 113,
  "fields": {
    "parent": 45,
    "language": 3,
    "audio": "Gourcy_FR_wxri9SG.wav"
  }
},
{
  "model": "service_development.voicefragment",
  "pk": 114,
  "fields": {
    "parent": 46,
    "language": 2,
    "audio": "Leba_EN_lwLVppC.wav"
  }
},
{
  "model": "service_development.voicefragment",
  "pk": 115,
  "fields": {
    "parent": 46,
    "language": 3,
    "audio": "Leba_FR_0nnzYfq.wav"
  }
},
{
  "model": "service_development.voicefragment",
  "pk": 118,
  "fields": {
    "parent": 48,
    "language": 2,
    "audio": "Tougo_EN_qeJ36qr.wav"
  }
},
{
  "model": "service_development.voicefragment",
  "pk": 119,
  "fields": {
    "parent": 48,
    "language": 3,
    "audio": "Tougo_FR_ZRWvfhD.wav"
  }
},
{
  "model": "service_development.voicefragment",
  "pk": 122,
  "fields": {
    "parent": 59,
    "language": 2,
    "audio": "Bougounam_EN.wav"
  }
},
{
  "model": "service_development.voicefragment",
  "pk": 123,
  "fields": {
    "parent": 59,
    "language": 3,
    "audio": "Bougounam_FR.wav"
  }
},
{
  "model": "service_development.voicefragment",
  "pk": 124,
  "fields": {
    "parent": 60,
    "language": 2,
    "audio": "Provide_raingauge_EN.wav"
  }
},
{
  "model": "service_development.voicefragment",
  "pk": 125,
  "fields": {
    "parent": 60,
    "language": 3,
    "audio": "Provide_raingauge_FR.wav"
  }
},
{
  "model": "service_development.voicefragment",
  "pk": 126,
  "fields": {
    "parent": 61,
    "language": 2,
    "audio": "No_raingauge_EN.wav"
  }
},
{
  "model": "service_development.voicefragment",
  "pk": 127,
  "fields": {
    "parent": 61,
    "language": 3,
    "audio": "No_raingauge_FR.wav"
  }
},
{
  "model": "service_development.voicefragment",
  "pk": 128,
  "fields": {
    "parent": 62,
    "language": 2,
    "audio": "No_rainfall_EN.wav"
  }
},
{
  "model": "service_development.voicefragment",
  "pk": 129,
  "fields": {
    "parent": 62,
    "language": 3,
    "audio": "No_rainfall_FR.wav"
  }
},
{
  "model": "service_development.voicefragment",
  "pk": 130,
  "fields": {
    "parent": 63,
    "language": 2,
    "audio": "Low_rain_EN.wav"
  }
},
{
  "model": "service_development.voicefragment",
  "pk": 131,
  "fields": {
    "parent": 63,
    "language": 3,
    "audio": "Low_rain_FR.wav"
  }
},
{
  "model": "service_development.voicefragment",
  "pk": 132,
  "fields": {
    "parent": 64,
    "language": 2,
    "audio": "Medium_rain_EN.wav"
  }
},
{
  "model": "service_development.voicefragment",
  "pk": 133,
  "fields": {
    "parent": 64,
    "language": 3,
    "audio": "Medium_rain_FR.wav"
  }
},
{
  "model": "service_development.voicefragment",
  "pk": 134,
  "fields": {
    "parent": 65,
    "language": 2,
    "audio": "Large_rain_EN.wav"
  }
},
{
  "model": "service_development.voicefragment",
  "pk": 135,
  "fields": {
    "parent": 65,
    "language": 3,
    "audio": "Large_rain_FR.wav"
  }
},
{
  "model": "service_development.voicefragment",
  "pk": 136,
  "fields": {
    "parent": 66,
    "language": 2,
    "audio": "another_forecast_EN.wav"
  }
},
{
  "model": "service_development.voicefragment",
  "pk": 137,
  "fields": {
    "parent": 66,
    "language": 3,
    "audio": "another_forecast_FR.wav"
  }
},
{
  "model": "service_development.voicefragment",
  "pk": 138,
  "fields": {
    "parent": 58,
    "language": 2,
    "audio": "bougounam_7_days_EN.wav"
  }
},
{
  "model": "service_development.voicefragment",
  "pk": 139,
  "fields": {
    "parent": 58,
    "language": 3,
    "audio": "bougounam_7_days_FR.wav"
  }
},
{
  "model": "service_development.voicefragment",
  "pk": 140,
  "fields": {
    "parent": 57,
    "language": 2,
    "audio": "gourcy_7_days_EN.wav"
  }
},
{
  "model": "service_development.voicefragment",
  "pk": 141,
  "fields": {
    "parent": 57,
    "language": 3,
    "audio": "gourcy_7_days_FR.wav"
  }
},
{
  "model": "service_development.voicefragment",
  "pk": 142,
  "fields": {
    "parent": 56,
    "language": 2,
    "audio": "bassi_7_days_EN.wav"
  }
},
{
  "model": "service_development.voicefragment",
  "pk": 143,
  "fields": {
    "parent": 56,
    "language": 3,
    "audio": "bassi_7_days_FR.wav"
  }
},
{
  "model": "service_development.voicefragment",
  "pk": 144,
  "fields": {
    "parent": 55,
    "language": 2,
    "audio": "bougounam_3_days_EN.wav"
  }
},
{
  "model": "service_development.voicefragment",
  "pk": 145,
  "fields": {
    "parent": 55,
    "language": 3,
    "audio": "bougounam_3_days_FR.wav"
  }
},
{
  "model": "service_development.voicefragment",
  "pk": 146,
  "fields": {
    "parent": 54,
    "language": 2,
    "audio": "gourcy_3_days_EN.wav"
  }
},
{
  "model": "service_development.voicefragment",
  "pk": 147,
  "fields": {
    "parent": 54,
    "language": 3,
    "audio": "gourcy_3_days_FR.wav"
  }
},
{
  "model": "service_development.voicefragment",
  "pk": 148,
  "fields": {
    "parent": 53,
    "language": 2,
    "audio": "bassi_3_days_EN.wav"
  }
},
{
  "model": "service_development.voicefragment",
  "pk": 149,
  "fields": {
    "parent": 53,
    "language": 3,
    "audio": "bassi_3_days_FR.wav"
  }
},
{
  "model": "service_development.voicefragment",
  "pk": 150,
  "fields": {
    "parent": 52,
    "language": 2,
    "audio": "bougounam_24_hours_EN.wav"
  }
},
{
  "model": "service_development.voicefragment",
  "pk": 151,
  "fields": {
    "parent": 52,
    "language": 3,
    "audio": "bougounam_24_hours_FR.wav"
  }
},
{
  "model": "service_development.voicefragment",
  "pk": 152,
  "fields": {
    "parent": 51,
    "language": 2,
    "audio": "gourcy_24_hours_EN.wav"
  }
},
{
  "model": "service_development.voicefragment",
  "pk": 153,
  "fields": {
    "parent": 51,
    "language": 3,
    "audio": "gourcy_24_hours_FR.wav"
  }
},
{
  "model": "service_development.voicefragment",
  "pk": 154,
  "fields": {
    "parent": 50,
    "language": 2,
    "audio": "bassi_24_hours_EN.wav"
  }
},
{
  "model": "service_development.voicefragment",
  "pk": 155,
  "fields": {
    "parent": 50,
    "language": 3,
    "audio": "bassi_24_hours_FR.wav"
  }
},
{
  "model": "service_development.voiceservicesubelement",
  "pk": 6,
  "fields": {
    "service": 2,
    "creation_date": "2017-04-23T21:11:06.805Z",
    "modification_date": "2020-05-13T14:55:52.769Z",
    "name": "Thank you for using this service",
    "description": "",
    "voice_label": 5
  }
},
{
  "model": "service_development.voiceservicesubelement",
  "pk": 11,
  "fields": {
    "service": 2,
    "creation_date": "2020-04-27T07:22:47.849Z",
    "modification_date": "2020-05-13T14:28:41.593Z",
    "name": "Welcome",
    "description": "",
    "voice_label": 27
  }
},
{
  "model": "service_development.voiceservicesubelement",
  "pk": 12,
  "fields": {
    "service": 2,
    "creation_date": "2020-04-27T07:23:31.193Z",
    "modification_date": "2020-05-13T15:20:46.628Z",
    "name": "Select community",
    "description": "",
    "voice_label": 31
  }
},
{
  "model": "service_development.voiceservicesubelement",
  "pk": 13,
  "fields": {
    "service": 2,
    "creation_date": "2020-04-27T07:23:31.195Z",
    "modification_date": "2020-05-13T14:30:24.561Z",
    "name": "Bassi",
    "description": "",
    "voice_label": 42
  }
},
{
  "model": "service_development.voiceservicesubelement",
  "pk": 15,
  "fields": {
    "service": 2,
    "creation_date": "2020-04-27T07:24:04.868Z",
    "modification_date": "2020-05-13T15:20:26.203Z",
    "name": "Select timeframe (Bassi)",
    "description": "",
    "voice_label": 32
  }
},
{
  "model": "service_development.voiceservicesubelement",
  "pk": 16,
  "fields": {
    "service": 2,
    "creation_date": "2020-04-27T07:24:04.869Z",
    "modification_date": "2020-04-27T11:14:43.039Z",
    "name": "24 hours",
    "description": "",
    "voice_label": 30
  }
},
{
  "model": "service_development.voiceservicesubelement",
  "pk": 17,
  "fields": {
    "service": 2,
    "creation_date": "2020-04-27T07:24:04.870Z",
    "modification_date": "2020-04-27T11:14:43.040Z",
    "name": "3 days",
    "description": "",
    "voice_label": 28
  }
},
{
  "model": "service_development.voiceservicesubelement",
  "pk": 18,
  "fields": {
    "service": 2,
    "creation_date": "2020-04-27T07:24:04.870Z",
    "modification_date": "2020-04-27T11:14:43.040Z",
    "name": "7 days",
    "description": "",
    "voice_label": 29
  }
},
{
  "model": "service_development.voiceservicesubelement",
  "pk": 20,
  "fields": {
    "service": 2,
    "creation_date": "2020-04-27T11:13:39.836Z",
    "modification_date": "2020-05-13T15:21:09.201Z",
    "name": "Forecast_week (Bassi)",
    "description": "",
    "voice_label": 56
  }
},
{
  "model": "service_development.voiceservicesubelement",
  "pk": 21,
  "fields": {
    "service": 2,
    "creation_date": "2020-04-27T11:13:55.963Z",
    "modification_date": "2020-05-13T15:21:21.282Z",
    "name": "Forecast_3days (Bassi)",
    "description": "",
    "voice_label": 53
  }
},
{
  "model": "service_development.voiceservicesubelement",
  "pk": 22,
  "fields": {
    "service": 2,
    "creation_date": "2020-04-27T11:14:14.410Z",
    "modification_date": "2020-05-13T15:21:15.435Z",
    "name": "Forecast_24hours (Bassi)",
    "description": "",
    "voice_label": 50
  }
},
{
  "model": "service_development.voiceservicesubelement",
  "pk": 23,
  "fields": {
    "service": 2,
    "creation_date": "2020-04-27T11:46:55.974Z",
    "modification_date": "2020-05-14T11:10:24.804Z",
    "name": "addtional_services",
    "description": "",
    "voice_label": 41
  }
},
{
  "model": "service_development.voiceservicesubelement",
  "pk": 24,
  "fields": {
    "service": 2,
    "creation_date": "2020-04-27T11:46:55.975Z",
    "modification_date": "2020-04-27T11:46:55.975Z",
    "name": "end call",
    "description": "",
    "voice_label": 40
  }
},
{
  "model": "service_development.voiceservicesubelement",
  "pk": 25,
  "fields": {
    "service": 2,
    "creation_date": "2020-04-27T11:46:55.976Z",
    "modification_date": "2020-04-27T11:46:55.976Z",
    "name": "crop advice",
    "description": "",
    "voice_label": 38
  }
},
{
  "model": "service_development.voiceservicesubelement",
  "pk": 26,
  "fields": {
    "service": 2,
    "creation_date": "2020-04-27T11:46:55.976Z",
    "modification_date": "2020-04-27T11:46:55.976Z",
    "name": "weather alert",
    "description": "",
    "voice_label": 39
  }
},
{
  "model": "service_development.voiceservicesubelement",
  "pk": 27,
  "fields": {
    "service": 2,
    "creation_date": "2020-04-30T10:47:55.201Z",
    "modification_date": "2020-05-13T14:53:49.456Z",
    "name": "Gourcy",
    "description": "",
    "voice_label": 45
  }
},
{
  "model": "service_development.voiceservicesubelement",
  "pk": 30,
  "fields": {
    "service": 2,
    "creation_date": "2020-05-13T10:06:28.480Z",
    "modification_date": "2020-05-13T15:18:31.525Z",
    "name": "Provide_rain_gauge",
    "description": "",
    "voice_label": 60
  }
},
{
  "model": "service_development.voiceservicesubelement",
  "pk": 31,
  "fields": {
    "service": 2,
    "creation_date": "2020-05-13T10:06:28.481Z",
    "modification_date": "2020-05-13T15:18:31.527Z",
    "name": "No raingauge",
    "description": "",
    "voice_label": 61
  }
},
{
  "model": "service_development.voiceservicesubelement",
  "pk": 32,
  "fields": {
    "service": 2,
    "creation_date": "2020-05-13T10:06:28.482Z",
    "modification_date": "2020-05-13T15:18:31.528Z",
    "name": "No rainfall",
    "description": "",
    "voice_label": 62
  }
},
{
  "model": "service_development.voiceservicesubelement",
  "pk": 33,
  "fields": {
    "service": 2,
    "creation_date": "2020-05-13T14:32:01.201Z",
    "modification_date": "2020-05-13T15:20:33.851Z",
    "name": "Select timeframe (Gourcy)",
    "description": "",
    "voice_label": 32
  }
},
{
  "model": "service_development.voiceservicesubelement",
  "pk": 34,
  "fields": {
    "service": 2,
    "creation_date": "2020-05-13T14:32:01.203Z",
    "modification_date": "2020-05-13T14:41:01.104Z",
    "name": "24 hours",
    "description": "",
    "voice_label": 30
  }
},
{
  "model": "service_development.voiceservicesubelement",
  "pk": 35,
  "fields": {
    "service": 2,
    "creation_date": "2020-05-13T14:32:01.204Z",
    "modification_date": "2020-05-13T14:41:01.105Z",
    "name": "3 days",
    "description": "",
    "voice_label": 28
  }
},
{
  "model": "service_development.voiceservicesubelement",
  "pk": 36,
  "fields": {
    "service": 2,
    "creation_date": "2020-05-13T14:32:01.204Z",
    "modification_date": "2020-05-13T14:43:23.472Z",
    "name": "7 days",
    "description": "",
    "voice_label": 29
  }
},
{
  "model": "service_development.voiceservicesubelement",
  "pk": 37,
  "fields": {
    "service": 2,
    "creation_date": "2020-05-13T14:32:48.216Z",
    "modification_date": "2020-05-13T15:20:40.636Z",
    "name": "Select timeframe (Bouganam)",
    "description": "",
    "voice_label": 32
  }
},
{
  "model": "service_development.voiceservicesubelement",
  "pk": 38,
  "fields": {
    "service": 2,
    "creation_date": "2020-05-13T14:32:48.217Z",
    "modification_date": "2020-05-13T14:43:38.536Z",
    "name": "24 hours",
    "description": "",
    "voice_label": 30
  }
},
{
  "model": "service_development.voiceservicesubelement",
  "pk": 39,
  "fields": {
    "service": 2,
    "creation_date": "2020-05-13T14:32:48.218Z",
    "modification_date": "2020-05-13T14:43:38.537Z",
    "name": "3 days",
    "description": "",
    "voice_label": 28
  }
},
{
  "model": "service_development.voiceservicesubelement",
  "pk": 40,
  "fields": {
    "service": 2,
    "creation_date": "2020-05-13T14:32:48.218Z",
    "modification_date": "2020-05-13T14:43:38.538Z",
    "name": "7 days",
    "description": "",
    "voice_label": 29
  }
},
{
  "model": "service_development.voiceservicesubelement",
  "pk": 41,
  "fields": {
    "service": 2,
    "creation_date": "2020-05-13T14:34:53.443Z",
    "modification_date": "2020-05-13T15:21:38.786Z",
    "name": "Forecast_24hours (Gourcy)",
    "description": "",
    "voice_label": 51
  }
},
{
  "model": "service_development.voiceservicesubelement",
  "pk": 42,
  "fields": {
    "service": 2,
    "creation_date": "2020-05-13T14:36:17.267Z",
    "modification_date": "2020-05-13T15:22:09.234Z",
    "name": "Forecast_24hours (Bougounam)",
    "description": "",
    "voice_label": 52
  }
},
{
  "model": "service_development.voiceservicesubelement",
  "pk": 43,
  "fields": {
    "service": 2,
    "creation_date": "2020-05-13T14:37:13.260Z",
    "modification_date": "2020-05-13T15:21:32.906Z",
    "name": "Forecast_3days (Gourcy)",
    "description": "",
    "voice_label": 54
  }
},
{
  "model": "service_development.voiceservicesubelement",
  "pk": 44,
  "fields": {
    "service": 2,
    "creation_date": "2020-05-13T14:41:29.308Z",
    "modification_date": "2020-05-13T15:21:27.145Z",
    "name": "Forecast_week (Gourcy)",
    "description": "",
    "voice_label": 57
  }
},
{
  "model": "service_development.voiceservicesubelement",
  "pk": 45,
  "fields": {
    "service": 2,
    "creation_date": "2020-05-13T14:42:39.709Z",
    "modification_date": "2020-05-13T15:21:56.507Z",
    "name": "Forecast_week (Bougounam)",
    "description": "",
    "voice_label": 58
  }
},
{
  "model": "service_development.voiceservicesubelement",
  "pk": 46,
  "fields": {
    "service": 2,
    "creation_date": "2020-05-13T14:42:57.563Z",
    "modification_date": "2020-05-13T15:22:02.570Z",
    "name": "Forecast_3days (Bougounam)",
    "description": "",
    "voice_label": 55
  }
},
{
  "model": "service_development.voiceservicesubelement",
  "pk": 47,
  "fields": {
    "service": 2,
    "creation_date": "2020-05-13T14:53:49.457Z",
    "modification_date": "2020-05-13T14:53:49.457Z",
    "name": "Bougounam",
    "description": "",
    "voice_label": 59
  }
},
{
  "model": "service_development.voiceservicesubelement",
  "pk": 48,
  "fields": {
    "service": 2,
    "creation_date": "2020-05-13T15:18:31.528Z",
    "modification_date": "2020-05-13T15:18:31.528Z",
    "name": "Low rain",
    "description": "",
    "voice_label": 63
  }
},
{
  "model": "service_development.voiceservicesubelement",
  "pk": 49,
  "fields": {
    "service": 2,
    "creation_date": "2020-05-13T15:18:31.529Z",
    "modification_date": "2020-05-13T15:18:31.529Z",
    "name": "Medium rain",
    "description": "",
    "voice_label": 64
  }
},
{
  "model": "service_development.voiceservicesubelement",
  "pk": 50,
  "fields": {
    "service": 2,
    "creation_date": "2020-05-13T15:18:31.529Z",
    "modification_date": "2020-05-13T15:18:31.529Z",
    "name": "Large rain",
    "description": "",
    "voice_label": 65
  }
},
{
  "model": "service_development.voiceservicesubelement",
  "pk": 51,
  "fields": {
    "service": 2,
    "creation_date": "2020-05-14T11:10:24.805Z",
    "modification_date": "2020-05-14T11:10:24.805Z",
    "name": "another forecast",
    "description": "",
    "voice_label": 66
  }
},
{
  "model": "service_development.voiceserviceelement",
  "pk": 6,
  "fields": {}
},
{
  "model": "service_development.voiceserviceelement",
  "pk": 11,
  "fields": {}
},
{
  "model": "service_development.voiceserviceelement",
  "pk": 12,
  "fields": {}
},
{
  "model": "service_development.voiceserviceelement",
  "pk": 15,
  "fields": {}
},
{
  "model": "service_development.voiceserviceelement",
  "pk": 20,
  "fields": {}
},
{
  "model": "service_development.voiceserviceelement",
  "pk": 21,
  "fields": {}
},
{
  "model": "service_development.voiceserviceelement",
  "pk": 22,
  "fields": {}
},
{
  "model": "service_development.voiceserviceelement",
  "pk": 23,
  "fields": {}
},
{
  "model": "service_development.voiceserviceelement",
  "pk": 30,
  "fields": {}
},
{
  "model": "service_development.voiceserviceelement",
  "pk": 33,
  "fields": {}
},
{
  "model": "service_development.voiceserviceelement",
  "pk": 37,
  "fields": {}
},
{
  "model": "service_development.voiceserviceelement",
  "pk": 41,
  "fields": {}
},
{
  "model": "service_development.voiceserviceelement",
  "pk": 42,
  "fields": {}
},
{
  "model": "service_development.voiceserviceelement",
  "pk": 43,
  "fields": {}
},
{
  "model": "service_development.voiceserviceelement",
  "pk": 44,
  "fields": {}
},
{
  "model": "service_development.voiceserviceelement",
  "pk": 45,
  "fields": {}
},
{
  "model": "service_development.voiceserviceelement",
  "pk": 46,
  "fields": {}
},
{
  "model": "service_development.voiceservice",
  "pk": 2,
  "fields": {
    "name": "RainCheck",
    "description": "_",
    "creation_date": "2020-04-24T14:15:53.571Z",
    "modification_date": "2020-05-13T15:18:57.417Z",
    "active": true,
    "_start_element": 11,
    "registration": "disabled",
    "registration_language": true,
    "registration_name": false,
    "supported_languages": [
      2,
      3
    ]
  }
},
{
  "model": "service_development.callsession",
  "pk": 1,
  "fields": {
    "start": "2020-04-24T15:03:42.664Z",
    "end": "2020-04-24T15:03:42.697Z",
    "user": null,
    "caller_id": null,
    "service": 2,
    "_language": 2
  }
},
{
  "model": "service_development.callsessionstep",
  "pk": 1,
  "fields": {
    "time": "2020-04-24T15:03:42.703Z",
    "session": 1,
    "_visited_element": null,
    "description": null
  }
},
{
  "model": "service_development.choice",
  "pk": 12,
  "fields": {}
},
{
  "model": "service_development.choice",
  "pk": 15,
  "fields": {}
},
{
  "model": "service_development.choice",
  "pk": 23,
  "fields": {}
},
{
  "model": "service_development.choice",
  "pk": 30,
  "fields": {}
},
{
  "model": "service_development.choice",
  "pk": 33,
  "fields": {}
},
{
  "model": "service_development.choice",
  "pk": 37,
  "fields": {}
},
{
  "model": "service_development.choiceoption",
  "pk": 13,
  "fields": {
    "parent": 12,
    "_redirect": 15
  }
},
{
  "model": "service_development.choiceoption",
  "pk": 16,
  "fields": {
    "parent": 15,
    "_redirect": 22
  }
},
{
  "model": "service_development.choiceoption",
  "pk": 17,
  "fields": {
    "parent": 15,
    "_redirect": 21
  }
},
{
  "model": "service_development.choiceoption",
  "pk": 18,
  "fields": {
    "parent": 15,
    "_redirect": 20
  }
},
{
  "model": "service_development.choiceoption",
  "pk": 24,
  "fields": {
    "parent": 23,
    "_redirect": 6
  }
},
{
  "model": "service_development.choiceoption",
  "pk": 25,
  "fields": {
    "parent": 23,
    "_redirect": 6
  }
},
{
  "model": "service_development.choiceoption",
  "pk": 26,
  "fields": {
    "parent": 23,
    "_redirect": 6
  }
},
{
  "model": "service_development.choiceoption",
  "pk": 27,
  "fields": {
    "parent": 12,
    "_redirect": 33
  }
},
{
  "model": "service_development.choiceoption",
  "pk": 31,
  "fields": {
    "parent": 30,
    "_redirect": 12
  }
},
{
  "model": "service_development.choiceoption",
  "pk": 32,
  "fields": {
    "parent": 30,
    "_redirect": 12
  }
},
{
  "model": "service_development.choiceoption",
  "pk": 34,
  "fields": {
    "parent": 33,
    "_redirect": 41
  }
},
{
  "model": "service_development.choiceoption",
  "pk": 35,
  "fields": {
    "parent": 33,
    "_redirect": 43
  }
},
{
  "model": "service_development.choiceoption",
  "pk": 36,
  "fields": {
    "parent": 33,
    "_redirect": 44
  }
},
{
  "model": "service_development.choiceoption",
  "pk": 38,
  "fields": {
    "parent": 37,
    "_redirect": 42
  }
},
{
  "model": "service_development.choiceoption",
  "pk": 39,
  "fields": {
    "parent": 37,
    "_redirect": 46
  }
},
{
  "model": "service_development.choiceoption",
  "pk": 40,
  "fields": {
    "parent": 37,
    "_redirect": 45
  }
},
{
  "model": "service_development.choiceoption",
  "pk": 47,
  "fields": {
    "parent": 12,
    "_redirect": 37
  }
},
{
  "model": "service_development.choiceoption",
  "pk": 48,
  "fields": {
    "parent": 30,
    "_redirect": 12
  }
},
{
  "model": "service_development.choiceoption",
  "pk": 49,
  "fields": {
    "parent": 30,
    "_redirect": 12
  }
},
{
  "model": "service_development.choiceoption",
  "pk": 50,
  "fields": {
    "parent": 30,
    "_redirect": 12
  }
},
{
  "model": "service_development.choiceoption",
  "pk": 51,
  "fields": {
    "parent": 23,
    "_redirect": 12
  }
},
{
  "model": "service_development.messagepresentation",
  "pk": 6,
  "fields": {
    "final_element": true,
    "_redirect": null
  }
},
{
  "model": "service_development.messagepresentation",
  "pk": 11,
  "fields": {
    "final_element": false,
    "_redirect": 30
  }
},
{
  "model": "service_development.messagepresentation",
  "pk": 20,
  "fields": {
    "final_element": false,
    "_redirect": 23
  }
},
{
  "model": "service_development.messagepresentation",
  "pk": 21,
  "fields": {
    "final_element": false,
    "_redirect": 23
  }
},
{
  "model": "service_development.messagepresentation",
  "pk": 22,
  "fields": {
    "final_element": false,
    "_redirect": 23
  }
},
{
  "model": "service_development.messagepresentation",
  "pk": 41,
  "fields": {
    "final_element": false,
    "_redirect": 23
  }
},
{
  "model": "service_development.messagepresentation",
  "pk": 42,
  "fields": {
    "final_element": false,
    "_redirect": 23
  }
},
{
  "model": "service_development.messagepresentation",
  "pk": 43,
  "fields": {
    "final_element": false,
    "_redirect": 23
  }
},
{
  "model": "service_development.messagepresentation",
  "pk": 44,
  "fields": {
    "final_element": false,
    "_redirect": 23
  }
},
{
  "model": "service_development.messagepresentation",
  "pk": 45,
  "fields": {
    "final_element": false,
    "_redirect": 23
  }
},
{
  "model": "service_development.messagepresentation",
  "pk": 46,
  "fields": {
    "final_element": false,
    "_redirect": 23
  }
}
]
